sample,fastq_1,fastq_2,strandedness,sex,Barcode,Pool,Sequence
NT_REP1,SLX-20245.D703rna_D503rna.HH5FVDRXY.s_2.r_1.fq.gz,SLX-20245.D703rna_D503rna.HH5FVDRXY.s_2.r_2.fq.gz,reverse,male,D703rna-D503rna,SLX-20245,CGCTCATT-CCTATCCT
NT_REP2,SLX-20245.D703rna_D504rna.HH5FVDRXY.s_2.r_1.fq.gz,SLX-20245.D703rna_D504rna.HH5FVDRXY.s_2.r_2.fq.gz,reverse,male,D703rna-D504rna,SLX-20245,CGCTCATT-GGCTCTGA
NT_REP3,SLX-20245.D703rna_D506rna.HH5FVDRXY.s_2.r_1.fq.gz,SLX-20245.D703rna_D506rna.HH5FVDRXY.s_2.r_2.fq.gz,reverse,female,D703rna-D506rna,SLX-20245,CGCTCATT-TAATCTTA
NT_REP4,SLX-20245.D703rna_D508rna.HH5FVDRXY.s_2.r_1.fq.gz,SLX-20245.D703rna_D508rna.HH5FVDRXY.s_2.r_2.fq.gz,reverse,female,D703rna-D508rna,SLX-20245,CGCTCATT-GTACTGAC
NT_REP5,SLX-20245.D704rna_D501rna.HH5FVDRXY.s_2.r_1.fq.gz,SLX-20245.D704rna_D501rna.HH5FVDRXY.s_2.r_2.fq.gz,reverse,female,D704rna-D501rna,SLX-20245,GAGATTCC-TATAGCCT
NT_REP6,SLX-20245.D704rna_D502rna.HH5FVDRXY.s_2.r_1.fq.gz,SLX-20245.D704rna_D502rna.HH5FVDRXY.s_2.r_2.fq.gz,reverse,female,D704rna-D502rna,SLX-20245,GAGATTCC-ATAGAGGC
WT_REP1,SLX-20245.D703rna_D501rna.HH5FVDRXY.s_2.r_1.fq.gz,SLX-20245.D703rna_D501rna.HH5FVDRXY.s_2.r_2.fq.gz,reverse,male,D703rna-D501rna,SLX-20245,CGCTCATT-TATAGCCT
WT_REP2,SLX-20245.D703rna_D502rna.HH5FVDRXY.s_2.r_1.fq.gz,SLX-20245.D703rna_D502rna.HH5FVDRXY.s_2.r_2.fq.gz,reverse,male,D703rna-D502rna,SLX-20245,CGCTCATT-ATAGAGGC
WT_REP3,SLX-20245.D703rna_D505rna.HH5FVDRXY.s_2.r_1.fq.gz,SLX-20245.D703rna_D505rna.HH5FVDRXY.s_2.r_2.fq.gz,reverse,female,D703rna-D505rna,SLX-20245,CGCTCATT-AGGCGAAG
WT_REP4,SLX-20245.D703rna_D507rna.HH5FVDRXY.s_2.r_1.fq.gz,SLX-20245.D703rna_D507rna.HH5FVDRXY.s_2.r_2.fq.gz,reverse,female,D703rna-D507rna,SLX-20245,CGCTCATT-CAGGACGT
WT_REP5,SLX-20245.D704rna_D503rna.HH5FVDRXY.s_2.r_1.fq.gz,SLX-20245.D704rna_D503rna.HH5FVDRXY.s_2.r_2.fq.gz,reverse,female ,D704rna-D503rna,SLX-20245,GAGATTCC-CCTATCCT
